<?xml version="1.0"?>
<atom:feed
      xmlns:atom="http://www.w3.org/2005/Atom"
      xmlns:ns="http://naesb.org/espi">
  <atom:id>urn:uuid:046638c0-8701-11e0-9d78-0800200c9a66</atom:id>
  <atom:link href="/User/9b6c7063/UsagePoint/01" rel='"self"'/>
  <atom:title>ThirdPartyX Batch Feed</atom:title>
  <atom:entry>
    <atom:content><ns:UsagePoint>
  <ns:ServiceCategory>
    <ns:kind>0</ns:kind>
  </ns:ServiceCategory>
  <ns:status>1</ns:status>
</ns:UsagePoint></atom:content>
    <atom:id>urn:uuid:046638c0-8701-11e0-9d78-0800200c9a66</atom:id>
    <atom:link href="/User/9b6c7063/UsagePoint/01" rel="self"/>
    <atom:link href="urn:uuid:046638c0-8701-11e0-9d78-0800200c9a66" rel="up"/>
    <atom:published>2012-04-23T10:30:48</atom:published>
    <atom:title>ONE NOSUCH STREET, JAMAICA PL, MA 02130</atom:title>
    <atom:updated>2012-04-23T10:30:48</atom:updated>
  </atom:entry>
  <atom:entry>
    <atom:content>MeterReading xmlns="http://naesb.org/espi" </atom:content>
    <atom:id>urn:uuid:046638c0-8701-11e0-9d78-0800200c9a66</atom:id>
    <atom:link href="/User/9b6c7063/UsagePoint/01/MeterReading/01" rel="self"/>
    <atom:link href="/User/9b6c7063/UsagePoint/01" rel="up"/>
    <atom:link href="/User/9b6c7063/UsagePoint/01/MeterReading/01/IntervalBlock" rel="related"/>
    <atom:link href="/ReadingType/07" rel="related"/>
    <atom:published>2012-04-23T10:30:48</atom:published>
    <atom:title>Monthly Energy Consumption</atom:title>
    <atom:updated>2012-04-23T10:30:48</atom:updated>
  </atom:entry>
  <atom:entry>
    <atom:content>
      <ns:IntervalBlock>
        <ns:interval>
          <ns:duration>2505600</ns:duration>
          <ns:start>1333598401</ns:start>
        </ns:interval>
        <ns:IntervalReading>
          <ns:cost>7796000</ns:cost>
          <ns:ReadingQuality>
            <ns:quality>0</ns:quality>
          </ns:ReadingQuality>
          <ns:timePeriod>
            <ns:duration>2505600</ns:duration>
            <ns:start>1333598401</ns:start>
          </ns:timePeriod>
          <ns:value>422</ns:value>
        </ns:IntervalReading>
      </ns:IntervalBlock>
      <ns:IntervalBlock>
        <ns:interval>
          <ns:duration>2505600</ns:duration>
          <ns:start>1331096401</ns:start>
        </ns:interval>
        <ns:IntervalReading>
          <ns:cost>11336000</ns:cost>
          <ns:ReadingQuality>
            <ns:quality>0</ns:quality>
          </ns:ReadingQuality>
          <ns:timePeriod>
            <ns:duration>2505600</ns:duration>
            <ns:start>1331096401</ns:start>
          </ns:timePeriod>
          <ns:value>636</ns:value>
        </ns:IntervalReading>
      </ns:IntervalBlock>
      <ns:IntervalBlock>
        <ns:interval>
          <ns:duration>2505600</ns:duration>
          <ns:start>1328590801</ns:start>
        </ns:interval>
        <ns:IntervalReading>
          <ns:cost>16928000</ns:cost>
          <ns:ReadingQuality>
            <ns:quality>0</ns:quality>
          </ns:ReadingQuality>
          <ns:timePeriod>
            <ns:duration>2505600</ns:duration>
            <ns:start>1328590801</ns:start>
          </ns:timePeriod>
          <ns:value>974</ns:value>
        </ns:IntervalReading>
      </ns:IntervalBlock>
      <ns:IntervalBlock>
        <ns:interval>
          <ns:duration>2937600</ns:duration>
          <ns:start>1326085201</ns:start>
        </ns:interval>
        <ns:IntervalReading>
          <ns:cost>21129000</ns:cost>
          <ns:ReadingQuality>
            <ns:quality>0</ns:quality>
          </ns:ReadingQuality>
          <ns:timePeriod>
            <ns:duration>2937600</ns:duration>
            <ns:start>1326085201</ns:start>
          </ns:timePeriod>
          <ns:value>1244</ns:value>
        </ns:IntervalReading>
      </ns:IntervalBlock>
      <ns:IntervalBlock>
        <ns:interval>
          <ns:duration>2505600</ns:duration>
          <ns:start>1323147601</ns:start>
        </ns:interval>
        <ns:IntervalReading>
          <ns:cost>9446000</ns:cost>
          <ns:ReadingQuality>
            <ns:quality>0</ns:quality>
          </ns:ReadingQuality>
          <ns:timePeriod>
            <ns:duration>2505600</ns:duration>
            <ns:start>1323147601</ns:start>
          </ns:timePeriod>
          <ns:value>531</ns:value>
        </ns:IntervalReading>
      </ns:IntervalBlock>
      <ns:IntervalBlock>
        <ns:interval>
          <ns:duration>2764800</ns:duration>
          <ns:start>1320642001</ns:start>
        </ns:interval>
        <ns:IntervalReading>
          <ns:cost>7771000</ns:cost>
          <ns:ReadingQuality>
            <ns:quality>0</ns:quality>
          </ns:ReadingQuality>
          <ns:timePeriod>
            <ns:duration>2764800</ns:duration>
            <ns:start>1320642001</ns:start>
          </ns:timePeriod>
          <ns:value>428</ns:value>
        </ns:IntervalReading>
      </ns:IntervalBlock>
      <ns:IntervalBlock>
        <ns:interval>
          <ns:duration>2505600</ns:duration>
          <ns:start>1317873601</ns:start>
        </ns:interval>
        <ns:IntervalReading>
          <ns:cost>7743000</ns:cost>
          <ns:ReadingQuality>
            <ns:quality>0</ns:quality>
          </ns:ReadingQuality>
          <ns:timePeriod>
            <ns:duration>2505600</ns:duration>
            <ns:start>1317873601</ns:start>
          </ns:timePeriod>
          <ns:value>375</ns:value>
        </ns:IntervalReading>
      </ns:IntervalBlock>
      <ns:IntervalBlock>
        <ns:interval>
          <ns:duration>2851200</ns:duration>
          <ns:start>1315368001</ns:start>
        </ns:interval>
        <ns:IntervalReading>
          <ns:cost>10474000</ns:cost>
          <ns:ReadingQuality>
            <ns:quality>0</ns:quality>
          </ns:ReadingQuality>
          <ns:timePeriod>
            <ns:duration>2851200</ns:duration>
            <ns:start>1315368001</ns:start>
          </ns:timePeriod>
          <ns:value>507</ns:value>
        </ns:IntervalReading>
      </ns:IntervalBlock>
      <ns:IntervalBlock>
        <ns:interval>
          <ns:duration>2592000</ns:duration>
          <ns:start>1312516801</ns:start>
        </ns:interval>
        <ns:IntervalReading>
          <ns:cost>10054000</ns:cost>
          <ns:ReadingQuality>
            <ns:quality>0</ns:quality>
          </ns:ReadingQuality>
          <ns:timePeriod>
            <ns:duration>2592000</ns:duration>
            <ns:start>1312516801</ns:start>
          </ns:timePeriod>
          <ns:value>485</ns:value>
        </ns:IntervalReading>
      </ns:IntervalBlock>
      <ns:IntervalBlock>
        <ns:interval>
          <ns:duration>2851200</ns:duration>
          <ns:start>1309924801</ns:start>
        </ns:interval>
        <ns:IntervalReading>
          <ns:cost>4865000</ns:cost>
          <ns:ReadingQuality>
            <ns:quality>0</ns:quality>
          </ns:ReadingQuality>
          <ns:timePeriod>
            <ns:duration>2851200</ns:duration>
            <ns:start>1309924801</ns:start>
          </ns:timePeriod>
          <ns:value>211</ns:value>
        </ns:IntervalReading>
      </ns:IntervalBlock>
    </atom:content>
    <atom:id>urn:uuid:046638c0-8701-11e0-9d78-0800200c9a66</atom:id>
    <atom:link href="/User/9b6c7063/UsagePoint/01/MeterReading/01/IntervalBlock" rel="self"/>
    <atom:link href="/User/9b6c7063/UsagePoint/01" rel="up"/>
    <atom:published>2012-04-23T10:30:49</atom:published>
    <atom:updated>2012-04-23T10:30:49</atom:updated>
  </atom:entry>
  <atom:entry>
    <atom:content><ns:ReadingType>
  <ns:commodity>1</ns:commodity>
  <ns:currency>840</ns:currency>
</ns:ReadingType></atom:content>
    <atom:id>urn:uuid:046638c0-8701-11e0-9d78-0800200c9a66</atom:id>
    <atom:link href="/ReadingType/07" rel="self"/>
    <atom:link href="/User/9b6c7063/UsagePoint/01/MeterReading/01" rel="up"/>
    <atom:published>2012-04-23T10:30:50</atom:published>
    <atom:title>Energy Delivered (kWh)</atom:title>
    <atom:updated>2012-04-23T10:30:50</atom:updated>
  </atom:entry>
  <atom:entry>
    <atom:content><ns:ElectricPowerUsageSummary>
  <ns:billingPeriod>
    <ns:duration>26524800</ns:duration>
    <ns:start>1307073601</ns:start>
  </ns:billingPeriod>
  <ns:billToDate>107542000</ns:billToDate>
  <ns:currency>840</ns:currency>
  <ns:currentBillingPeriodOverAllConsumption>
    <ns:powerOfTenMultiplier>3</ns:powerOfTenMultiplier>
    <ns:timeStamp>1333598401</ns:timeStamp>
    <ns:uom>72</ns:uom>
    <ns:value>5813</ns:value>
  </ns:currentBillingPeriodOverAllConsumption>
  <ns:statusTimeStamp>1333598401</ns:statusTimeStamp>
</ns:ElectricPowerUsageSummary></atom:content>
    <atom:id>urn:uuid:046638c0-8701-11e0-9d78-0800200c9a66</atom:id>
    <atom:link href="/User/9b6c7063/ElectricPowerUsageSummary" rel="self"/>
    <atom:link href="/User/9b6c7063/UsagePoint/01" rel="up"/>
    <atom:published>2012-04-23T10:30:50</atom:published>
    <atom:title>Usage Summary</atom:title>
    <atom:updated>2012-04-23T10:30:50</atom:updated>
  </atom:entry></atom:feed>
