<?xml version="1.0"?>
<atom:feed
      xmlns:atom="http://www.w3.org/2005/Atom"
      xmlns:ns="http://naesb.org/espi">
  <atom:id>urn:uuid:046638c0-8701-11e0-9d78-0800200c9a66</atom:id>
  <atom:link href="/User/9b6c7063/UsagePoint/01" rel='"self"'/>
  <atom:title>ThirdPartyX Batch Feed</atom:title>
  <atom:entry>
    <atom:content><ns:UsagePoint>
  <ns:ServiceCategory>
    <ns:kind>0</ns:kind>
  </ns:ServiceCategory>
  <ns:status>1</ns:status>
</ns:UsagePoint></atom:content>
    <atom:id>urn:uuid:046638c0-8701-11e0-9d78-0800200c9a66</atom:id>
    <atom:link href="/User/9b6c7063/UsagePoint/01" rel="self"/>
    <atom:link href="urn:uuid:046638c0-8701-11e0-9d78-0800200c9a66" rel="up"/>
    <atom:published>2012-04-23T10:33:38</atom:published>
    <atom:title>ONE NOSUCH STREET, ASHLAND, MA 01721</atom:title>
    <atom:updated>2012-04-23T10:33:38</atom:updated>
  </atom:entry>
  <atom:entry>
    <atom:content>MeterReading xmlns="http://naesb.org/espi" </atom:content>
    <atom:id>urn:uuid:046638c0-8701-11e0-9d78-0800200c9a66</atom:id>
    <atom:link href="/User/9b6c7063/UsagePoint/01/MeterReading/01" rel="self"/>
    <atom:link href="/User/9b6c7063/UsagePoint/01" rel="up"/>
    <atom:link href="/User/9b6c7063/UsagePoint/01/MeterReading/01/IntervalBlock" rel="related"/>
    <atom:link href="/ReadingType/07" rel="related"/>
    <atom:published>2012-04-23T10:33:38</atom:published>
    <atom:title>Monthly Energy Consumption</atom:title>
    <atom:updated>2012-04-23T10:33:38</atom:updated>
  </atom:entry>
  <atom:entry>
    <atom:content>
      <ns:IntervalBlock>
        <ns:interval>
          <ns:duration>2505600</ns:duration>
          <ns:start>1334116801</ns:start>
        </ns:interval>
        <ns:IntervalReading>
          <ns:cost>18069000</ns:cost>
          <ns:ReadingQuality>
            <ns:quality>0</ns:quality>
          </ns:ReadingQuality>
          <ns:timePeriod>
            <ns:duration>2505600</ns:duration>
            <ns:start>1334116801</ns:start>
          </ns:timePeriod>
          <ns:value>1146</ns:value>
        </ns:IntervalReading>
      </ns:IntervalBlock>
      <ns:IntervalBlock>
        <ns:interval>
          <ns:duration>2764800</ns:duration>
          <ns:start>1331611201</ns:start>
        </ns:interval>
        <ns:IntervalReading>
          <ns:cost>23222000</ns:cost>
          <ns:ReadingQuality>
            <ns:quality>0</ns:quality>
          </ns:ReadingQuality>
          <ns:timePeriod>
            <ns:duration>2764800</ns:duration>
            <ns:start>1331611201</ns:start>
          </ns:timePeriod>
          <ns:value>1485</ns:value>
        </ns:IntervalReading>
      </ns:IntervalBlock>
      <ns:IntervalBlock>
        <ns:interval>
          <ns:duration>2592000</ns:duration>
          <ns:start>1328850001</ns:start>
        </ns:interval>
        <ns:IntervalReading>
          <ns:cost>24175000</ns:cost>
          <ns:ReadingQuality>
            <ns:quality>0</ns:quality>
          </ns:ReadingQuality>
          <ns:timePeriod>
            <ns:duration>2592000</ns:duration>
            <ns:start>1328850001</ns:start>
          </ns:timePeriod>
          <ns:value>1476</ns:value>
        </ns:IntervalReading>
      </ns:IntervalBlock>
      <ns:IntervalBlock>
        <ns:interval>
          <ns:duration>2592000</ns:duration>
          <ns:start>1326258001</ns:start>
        </ns:interval>
        <ns:IntervalReading>
          <ns:cost>22521000</ns:cost>
          <ns:ReadingQuality>
            <ns:quality>0</ns:quality>
          </ns:ReadingQuality>
          <ns:timePeriod>
            <ns:duration>2592000</ns:duration>
            <ns:start>1326258001</ns:start>
          </ns:timePeriod>
          <ns:value>1402</ns:value>
        </ns:IntervalReading>
      </ns:IntervalBlock>
      <ns:IntervalBlock>
        <ns:interval>
          <ns:duration>2764800</ns:duration>
          <ns:start>1323666001</ns:start>
        </ns:interval>
        <ns:IntervalReading>
          <ns:cost>20767000</ns:cost>
          <ns:ReadingQuality>
            <ns:quality>0</ns:quality>
          </ns:ReadingQuality>
          <ns:timePeriod>
            <ns:duration>2764800</ns:duration>
            <ns:start>1323666001</ns:start>
          </ns:timePeriod>
          <ns:value>1306</ns:value>
        </ns:IntervalReading>
      </ns:IntervalBlock>
      <ns:IntervalBlock>
        <ns:interval>
          <ns:duration>2505600</ns:duration>
          <ns:start>1320901201</ns:start>
        </ns:interval>
        <ns:IntervalReading>
          <ns:cost>19595000</ns:cost>
          <ns:ReadingQuality>
            <ns:quality>0</ns:quality>
          </ns:ReadingQuality>
          <ns:timePeriod>
            <ns:duration>2505600</ns:duration>
            <ns:start>1320901201</ns:start>
          </ns:timePeriod>
          <ns:value>1230</ns:value>
        </ns:IntervalReading>
      </ns:IntervalBlock>
      <ns:IntervalBlock>
        <ns:interval>
          <ns:duration>2592000</ns:duration>
          <ns:start>1318392001</ns:start>
        </ns:interval>
        <ns:IntervalReading>
          <ns:cost>23678000</ns:cost>
          <ns:ReadingQuality>
            <ns:quality>0</ns:quality>
          </ns:ReadingQuality>
          <ns:timePeriod>
            <ns:duration>2592000</ns:duration>
            <ns:start>1318392001</ns:start>
          </ns:timePeriod>
          <ns:value>1495</ns:value>
        </ns:IntervalReading>
      </ns:IntervalBlock>
      <ns:IntervalBlock>
        <ns:interval>
          <ns:duration>2764800</ns:duration>
          <ns:start>1315800001</ns:start>
        </ns:interval>
        <ns:IntervalReading>
          <ns:cost>32538000</ns:cost>
          <ns:ReadingQuality>
            <ns:quality>0</ns:quality>
          </ns:ReadingQuality>
          <ns:timePeriod>
            <ns:duration>2764800</ns:duration>
            <ns:start>1315800001</ns:start>
          </ns:timePeriod>
          <ns:value>2070</ns:value>
        </ns:IntervalReading>
      </ns:IntervalBlock>
      <ns:IntervalBlock>
        <ns:interval>
          <ns:duration>2592000</ns:duration>
          <ns:start>1313035201</ns:start>
        </ns:interval>
        <ns:IntervalReading>
          <ns:cost>37854000</ns:cost>
          <ns:ReadingQuality>
            <ns:quality>0</ns:quality>
          </ns:ReadingQuality>
          <ns:timePeriod>
            <ns:duration>2592000</ns:duration>
            <ns:start>1313035201</ns:start>
          </ns:timePeriod>
          <ns:value>2415</ns:value>
        </ns:IntervalReading>
      </ns:IntervalBlock>
      <ns:IntervalBlock>
        <ns:interval>
          <ns:duration>2764800</ns:duration>
          <ns:start>1310443201</ns:start>
        </ns:interval>
        <ns:IntervalReading>
          <ns:cost>31691000</ns:cost>
          <ns:ReadingQuality>
            <ns:quality>0</ns:quality>
          </ns:ReadingQuality>
          <ns:timePeriod>
            <ns:duration>2764800</ns:duration>
            <ns:start>1310443201</ns:start>
          </ns:timePeriod>
          <ns:value>1977</ns:value>
        </ns:IntervalReading>
      </ns:IntervalBlock>
      <ns:IntervalBlock>
        <ns:interval>
          <ns:duration>2592000</ns:duration>
          <ns:start>1307678401</ns:start>
        </ns:interval>
        <ns:IntervalReading>
          <ns:cost>28722000</ns:cost>
          <ns:ReadingQuality>
            <ns:quality>0</ns:quality>
          </ns:ReadingQuality>
          <ns:timePeriod>
            <ns:duration>2592000</ns:duration>
            <ns:start>1307678401</ns:start>
          </ns:timePeriod>
          <ns:value>1768</ns:value>
        </ns:IntervalReading>
      </ns:IntervalBlock>
      <ns:IntervalBlock>
        <ns:interval>
          <ns:duration>2592000</ns:duration>
          <ns:start>1305086401</ns:start>
        </ns:interval>
        <ns:IntervalReading>
          <ns:cost>16667000</ns:cost>
          <ns:ReadingQuality>
            <ns:quality>0</ns:quality>
          </ns:ReadingQuality>
          <ns:timePeriod>
            <ns:duration>2592000</ns:duration>
            <ns:start>1305086401</ns:start>
          </ns:timePeriod>
          <ns:value>1009</ns:value>
        </ns:IntervalReading>
      </ns:IntervalBlock>
      <ns:IntervalBlock>
        <ns:interval>
          <ns:duration>2678400</ns:duration>
          <ns:start>1302494401</ns:start>
        </ns:interval>
        <ns:IntervalReading>
          <ns:cost>23402000</ns:cost>
          <ns:ReadingQuality>
            <ns:quality>0</ns:quality>
          </ns:ReadingQuality>
          <ns:timePeriod>
            <ns:duration>2678400</ns:duration>
            <ns:start>1302494401</ns:start>
          </ns:timePeriod>
          <ns:value>1433</ns:value>
        </ns:IntervalReading>
      </ns:IntervalBlock>
    </atom:content>
    <atom:id>urn:uuid:046638c0-8701-11e0-9d78-0800200c9a66</atom:id>
    <atom:link href="/User/9b6c7063/UsagePoint/01/MeterReading/01/IntervalBlock" rel="self"/>
    <atom:link href="/User/9b6c7063/UsagePoint/01" rel="up"/>
    <atom:published>2012-04-23T10:33:39</atom:published>
    <atom:updated>2012-04-23T10:33:39</atom:updated>
  </atom:entry>
  <atom:entry>
    <atom:content><ns:ReadingType>
  <ns:commodity>1</ns:commodity>
  <ns:currency>840</ns:currency>
</ns:ReadingType></atom:content>
    <atom:id>urn:uuid:046638c0-8701-11e0-9d78-0800200c9a66</atom:id>
    <atom:link href="/ReadingType/07" rel="self"/>
    <atom:link href="/User/9b6c7063/UsagePoint/01/MeterReading/01" rel="up"/>
    <atom:published>2012-04-23T10:33:40</atom:published>
    <atom:title>Energy Delivered (kWh)</atom:title>
    <atom:updated>2012-04-23T10:33:40</atom:updated>
  </atom:entry>
  <atom:entry>
    <atom:content><ns:ElectricPowerUsageSummary>
  <ns:billingPeriod>
    <ns:duration>34300800</ns:duration>
    <ns:start>1299816001</ns:start>
  </ns:billingPeriod>
  <ns:billToDate>322901000</ns:billToDate>
  <ns:currency>840</ns:currency>
  <ns:currentBillingPeriodOverAllConsumption>
    <ns:powerOfTenMultiplier>3</ns:powerOfTenMultiplier>
    <ns:timeStamp>1334116801</ns:timeStamp>
    <ns:uom>72</ns:uom>
    <ns:value>20212</ns:value>
  </ns:currentBillingPeriodOverAllConsumption>
  <ns:statusTimeStamp>1334116801</ns:statusTimeStamp>
</ns:ElectricPowerUsageSummary></atom:content>
    <atom:id>urn:uuid:046638c0-8701-11e0-9d78-0800200c9a66</atom:id>
    <atom:link href="/User/9b6c7063/ElectricPowerUsageSummary" rel="self"/>
    <atom:link href="/User/9b6c7063/UsagePoint/01" rel="up"/>
    <atom:published>2012-04-23T10:33:40</atom:published>
    <atom:title>Usage Summary</atom:title>
    <atom:updated>2012-04-23T10:33:40</atom:updated>
  </atom:entry></atom:feed>
