<?xml version="1.0"?>
<?xml-stylesheet type="text/xsl" href="ESPIRender.xsl"?>
<atom:feed
      xmlns:atom="http://www.w3.org/2005/Atom"
      xmlns:ns="http://naesb.org/espi">
  <atom:id>urn:uuid:046638c0-8701-11e0-9d78-0800200c9a66</atom:id>
  <atom:link href="/User/9b6c7063/UsagePoint/01" rel='"self"'/>
  <atom:title>ThirdPartyX Batch Feed</atom:title>
  <atom:entry>
    <atom:content><ns:UsagePoint>
  <ns:ServiceCategory>
    <ns:kind>0</ns:kind>
  </ns:ServiceCategory>
  <ns:status>1</ns:status>
</ns:UsagePoint></atom:content>
    <atom:id>urn:uuid:046638c0-8701-11e0-9d78-0800200c9a66</atom:id>
    <atom:link href="/User/9b6c7063/UsagePoint/01" rel="self"/>
    <atom:link href="urn:uuid:046638c0-8701-11e0-9d78-0800200c9a66" rel="up"/>
    <atom:published>2012-04-23T10:26:38</atom:published>
    <atom:title>ONE NOSUCH STREET, SAGMOR BCH, MA 02562</atom:title>
    <atom:updated>2012-04-23T10:26:38</atom:updated>
  </atom:entry>
  <atom:entry>
    <atom:content>MeterReading xmlns="http://naesb.org/espi" </atom:content>
    <atom:id>urn:uuid:046638c0-8701-11e0-9d78-0800200c9a66</atom:id>
    <atom:link href="/User/9b6c7063/UsagePoint/01/MeterReading/01" rel="self"/>
    <atom:link href="/User/9b6c7063/UsagePoint/01" rel="up"/>
    <atom:link href="/User/9b6c7063/UsagePoint/01/MeterReading/01/IntervalBlock" rel="related"/>
    <atom:link href="/ReadingType/07" rel="related"/>
    <atom:published>2012-04-23T10:26:39</atom:published>
    <atom:title>Monthly Energy Consumption</atom:title>
    <atom:updated>2012-04-23T10:26:39</atom:updated>
  </atom:entry>
  <atom:entry>
    <atom:content>
      <ns:IntervalBlock>
        <ns:interval>
          <ns:duration>2678400</ns:duration>
          <ns:start>1333339201</ns:start>
        </ns:interval>
        <ns:IntervalReading>
          <ns:cost>9250000</ns:cost>
          <ns:ReadingQuality>
            <ns:quality>0</ns:quality>
          </ns:ReadingQuality>
          <ns:timePeriod>
            <ns:duration>2678400</ns:duration>
            <ns:start>1333339201</ns:start>
          </ns:timePeriod>
          <ns:value>476</ns:value>
        </ns:IntervalReading>
      </ns:IntervalBlock>
      <ns:IntervalBlock>
        <ns:interval>
          <ns:duration>2592000</ns:duration>
          <ns:start>1330664401</ns:start>
        </ns:interval>
        <ns:IntervalReading>
          <ns:cost>11249000</ns:cost>
          <ns:ReadingQuality>
            <ns:quality>0</ns:quality>
          </ns:ReadingQuality>
          <ns:timePeriod>
            <ns:duration>2592000</ns:duration>
            <ns:start>1330664401</ns:start>
          </ns:timePeriod>
          <ns:value>577</ns:value>
        </ns:IntervalReading>
      </ns:IntervalBlock>
      <ns:IntervalBlock>
        <ns:interval>
          <ns:duration>2505600</ns:duration>
          <ns:start>1328072401</ns:start>
        </ns:interval>
        <ns:IntervalReading>
          <ns:cost>15377000</ns:cost>
          <ns:ReadingQuality>
            <ns:quality>0</ns:quality>
          </ns:ReadingQuality>
          <ns:timePeriod>
            <ns:duration>2505600</ns:duration>
            <ns:start>1328072401</ns:start>
          </ns:timePeriod>
          <ns:value>796</ns:value>
        </ns:IntervalReading>
      </ns:IntervalBlock>
      <ns:IntervalBlock>
        <ns:interval>
          <ns:duration>2764800</ns:duration>
          <ns:start>1325566801</ns:start>
        </ns:interval>
        <ns:IntervalReading>
          <ns:cost>18338000</ns:cost>
          <ns:ReadingQuality>
            <ns:quality>0</ns:quality>
          </ns:ReadingQuality>
          <ns:timePeriod>
            <ns:duration>2764800</ns:duration>
            <ns:start>1325566801</ns:start>
          </ns:timePeriod>
          <ns:value>947</ns:value>
        </ns:IntervalReading>
      </ns:IntervalBlock>
      <ns:IntervalBlock>
        <ns:interval>
          <ns:duration>2592000</ns:duration>
          <ns:start>1322802001</ns:start>
        </ns:interval>
        <ns:IntervalReading>
          <ns:cost>14818000</ns:cost>
          <ns:ReadingQuality>
            <ns:quality>0</ns:quality>
          </ns:ReadingQuality>
          <ns:timePeriod>
            <ns:duration>2592000</ns:duration>
            <ns:start>1322802001</ns:start>
          </ns:timePeriod>
          <ns:value>761</ns:value>
        </ns:IntervalReading>
      </ns:IntervalBlock>
      <ns:IntervalBlock>
        <ns:interval>
          <ns:duration>2851200</ns:duration>
          <ns:start>1320206401</ns:start>
        </ns:interval>
        <ns:IntervalReading>
          <ns:cost>17969000</ns:cost>
          <ns:ReadingQuality>
            <ns:quality>0</ns:quality>
          </ns:ReadingQuality>
          <ns:timePeriod>
            <ns:duration>2851200</ns:duration>
            <ns:start>1320206401</ns:start>
          </ns:timePeriod>
          <ns:value>927</ns:value>
        </ns:IntervalReading>
      </ns:IntervalBlock>
      <ns:IntervalBlock>
        <ns:interval>
          <ns:duration>2592000</ns:duration>
          <ns:start>1317355201</ns:start>
        </ns:interval>
        <ns:IntervalReading>
          <ns:cost>14648000</ns:cost>
          <ns:ReadingQuality>
            <ns:quality>0</ns:quality>
          </ns:ReadingQuality>
          <ns:timePeriod>
            <ns:duration>2592000</ns:duration>
            <ns:start>1317355201</ns:start>
          </ns:timePeriod>
          <ns:value>752</ns:value>
        </ns:IntervalReading>
      </ns:IntervalBlock>
      <ns:IntervalBlock>
        <ns:interval>
          <ns:duration>2592000</ns:duration>
          <ns:start>1314763201</ns:start>
        </ns:interval>
        <ns:IntervalReading>
          <ns:cost>19678000</ns:cost>
          <ns:ReadingQuality>
            <ns:quality>0</ns:quality>
          </ns:ReadingQuality>
          <ns:timePeriod>
            <ns:duration>2592000</ns:duration>
            <ns:start>1314763201</ns:start>
          </ns:timePeriod>
          <ns:value>1017</ns:value>
        </ns:IntervalReading>
      </ns:IntervalBlock>
      <ns:IntervalBlock>
        <ns:interval>
          <ns:duration>2764800</ns:duration>
          <ns:start>1312171201</ns:start>
        </ns:interval>
        <ns:IntervalReading>
          <ns:cost>20874000</ns:cost>
          <ns:ReadingQuality>
            <ns:quality>0</ns:quality>
          </ns:ReadingQuality>
          <ns:timePeriod>
            <ns:duration>2764800</ns:duration>
            <ns:start>1312171201</ns:start>
          </ns:timePeriod>
          <ns:value>1080</ns:value>
        </ns:IntervalReading>
      </ns:IntervalBlock>
      <ns:IntervalBlock>
        <ns:interval>
          <ns:duration>2505600</ns:duration>
          <ns:start>1309406401</ns:start>
        </ns:interval>
        <ns:IntervalReading>
          <ns:cost>16227000</ns:cost>
          <ns:ReadingQuality>
            <ns:quality>0</ns:quality>
          </ns:ReadingQuality>
          <ns:timePeriod>
            <ns:duration>2505600</ns:duration>
            <ns:start>1309406401</ns:start>
          </ns:timePeriod>
          <ns:value>841</ns:value>
        </ns:IntervalReading>
      </ns:IntervalBlock>
      <ns:IntervalBlock>
        <ns:interval>
          <ns:duration>2592000</ns:duration>
          <ns:start>1306900801</ns:start>
        </ns:interval>
        <ns:IntervalReading>
          <ns:cost>13721000</ns:cost>
          <ns:ReadingQuality>
            <ns:quality>0</ns:quality>
          </ns:ReadingQuality>
          <ns:timePeriod>
            <ns:duration>2592000</ns:duration>
            <ns:start>1306900801</ns:start>
          </ns:timePeriod>
          <ns:value>708</ns:value>
        </ns:IntervalReading>
      </ns:IntervalBlock>
      <ns:IntervalBlock>
        <ns:interval>
          <ns:duration>2764800</ns:duration>
          <ns:start>1304308801</ns:start>
        </ns:interval>
        <ns:IntervalReading>
          <ns:cost>17228000</ns:cost>
          <ns:ReadingQuality>
            <ns:quality>0</ns:quality>
          </ns:ReadingQuality>
          <ns:timePeriod>
            <ns:duration>2764800</ns:duration>
            <ns:start>1304308801</ns:start>
          </ns:timePeriod>
          <ns:value>894</ns:value>
        </ns:IntervalReading>
      </ns:IntervalBlock>
      <ns:IntervalBlock>
        <ns:interval>
          <ns:duration>2505600</ns:duration>
          <ns:start>1301544001</ns:start>
        </ns:interval>
        <ns:IntervalReading>
          <ns:cost>8007000</ns:cost>
          <ns:ReadingQuality>
            <ns:quality>0</ns:quality>
          </ns:ReadingQuality>
          <ns:timePeriod>
            <ns:duration>2505600</ns:duration>
            <ns:start>1301544001</ns:start>
          </ns:timePeriod>
          <ns:value>405</ns:value>
        </ns:IntervalReading>
      </ns:IntervalBlock>
    </atom:content>
    <atom:id>urn:uuid:046638c0-8701-11e0-9d78-0800200c9a66</atom:id>
    <atom:link href="/User/9b6c7063/UsagePoint/01/MeterReading/01/IntervalBlock" rel="self"/>
    <atom:link href="/User/9b6c7063/UsagePoint/01" rel="up"/>
    <atom:published>2012-04-23T10:26:40</atom:published>
    <atom:updated>2012-04-23T10:26:40</atom:updated>
  </atom:entry>
  <atom:entry>
    <atom:content><ns:ReadingType>
  <ns:commodity>1</ns:commodity>
  <ns:currency>840</ns:currency>
</ns:ReadingType></atom:content>
    <atom:id>urn:uuid:046638c0-8701-11e0-9d78-0800200c9a66</atom:id>
    <atom:link href="/ReadingType/07" rel="self"/>
    <atom:link href="/User/9b6c7063/UsagePoint/01/MeterReading/01" rel="up"/>
    <atom:published>2012-04-23T10:26:41</atom:published>
    <atom:title>Energy Delivered (kWh)</atom:title>
    <atom:updated>2012-04-23T10:26:41</atom:updated>
  </atom:entry>
  <atom:entry>
    <atom:content><ns:ElectricPowerUsageSummary>
  <ns:billingPeriod>
    <ns:duration>34300800</ns:duration>
    <ns:start>1299038401</ns:start>
  </ns:billingPeriod>
  <ns:billToDate>197384000</ns:billToDate>
  <ns:currency>840</ns:currency>
  <ns:currentBillingPeriodOverAllConsumption>
    <ns:powerOfTenMultiplier>3</ns:powerOfTenMultiplier>
    <ns:timeStamp>1333339201</ns:timeStamp>
    <ns:uom>72</ns:uom>
    <ns:value>10181</ns:value>
  </ns:currentBillingPeriodOverAllConsumption>
  <ns:statusTimeStamp>1333339201</ns:statusTimeStamp>
</ns:ElectricPowerUsageSummary></atom:content>
    <atom:id>urn:uuid:046638c0-8701-11e0-9d78-0800200c9a66</atom:id>
    <atom:link href="/User/9b6c7063/ElectricPowerUsageSummary" rel="self"/>
    <atom:link href="/User/9b6c7063/UsagePoint/01" rel="up"/>
    <atom:published>2012-04-23T10:26:41</atom:published>
    <atom:title>Usage Summary</atom:title>
    <atom:updated>2012-04-23T10:26:41</atom:updated>
  </atom:entry></atom:feed>
