<?xml version="1.0"?>
<atom:feed
      xmlns:atom="http://www.w3.org/2005/Atom"
      xmlns:ns="http://naesb.org/espi">
  <atom:id>urn:uuid:046638c0-8701-11e0-9d78-0800200c9a66</atom:id>
  <atom:link href="/User/9b6c7063/UsagePoint/01" rel='"self"'/>
  <atom:title>ThirdPartyX Batch Feed</atom:title>
  <atom:entry>
    <atom:content><ns:UsagePoint>
  <ns:ServiceCategory>
    <ns:kind>0</ns:kind>
  </ns:ServiceCategory>
  <ns:status>1</ns:status>
</ns:UsagePoint></atom:content>
    <atom:id>urn:uuid:046638c0-8701-11e0-9d78-0800200c9a66</atom:id>
    <atom:link href="/User/9b6c7063/UsagePoint/01" rel="self"/>
    <atom:link href="urn:uuid:046638c0-8701-11e0-9d78-0800200c9a66" rel="up"/>
    <atom:published>2012-04-20T15:58:52</atom:published>
    <atom:title>ONE NOSUCH STREET, N DARTMUTH, MA 02747</atom:title>
    <atom:updated>2012-04-20T15:58:52</atom:updated>
  </atom:entry>
  <atom:entry>
    <atom:content>MeterReading xmlns="http://naesb.org/espi" </atom:content>
    <atom:id>urn:uuid:046638c0-8701-11e0-9d78-0800200c9a66</atom:id>
    <atom:link href="/User/9b6c7063/UsagePoint/01/MeterReading/01" rel="self"/>
    <atom:link href="/User/9b6c7063/UsagePoint/01" rel="up"/>
    <atom:link href="/User/9b6c7063/UsagePoint/01/MeterReading/01/IntervalBlock" rel="related"/>
    <atom:link href="/ReadingType/07" rel="related"/>
    <atom:published>2012-04-20T15:58:52</atom:published>
    <atom:title>Monthly Energy Consumption</atom:title>
    <atom:updated>2012-04-20T15:58:52</atom:updated>
  </atom:entry>
  <atom:entry>
    <atom:content>
      <ns:IntervalBlock>
        <ns:interval>
          <ns:duration>2592000</ns:duration>
          <ns:start>1311220801</ns:start>
        </ns:interval>
        <ns:IntervalReading>
          <ns:cost>21617000</ns:cost>
          <ns:ReadingQuality>
            <ns:quality>0</ns:quality>
          </ns:ReadingQuality>
          <ns:timePeriod>
            <ns:duration>2592000</ns:duration>
            <ns:start>1311220801</ns:start>
          </ns:timePeriod>
          <ns:value>1250</ns:value>
        </ns:IntervalReading>
      </ns:IntervalBlock>
      <ns:IntervalBlock>
        <ns:interval>
          <ns:duration>2764800</ns:duration>
          <ns:start>1308628801</ns:start>
        </ns:interval>
        <ns:IntervalReading>
          <ns:cost>14841000</ns:cost>
          <ns:ReadingQuality>
            <ns:quality>0</ns:quality>
          </ns:ReadingQuality>
          <ns:timePeriod>
            <ns:duration>2764800</ns:duration>
            <ns:start>1308628801</ns:start>
          </ns:timePeriod>
          <ns:value>835</ns:value>
        </ns:IntervalReading>
      </ns:IntervalBlock>
      <ns:IntervalBlock>
        <ns:interval>
          <ns:duration>2505600</ns:duration>
          <ns:start>1305864001</ns:start>
        </ns:interval>
        <ns:IntervalReading>
          <ns:cost>8586000</ns:cost>
          <ns:ReadingQuality>
            <ns:quality>0</ns:quality>
          </ns:ReadingQuality>
          <ns:timePeriod>
            <ns:duration>2505600</ns:duration>
            <ns:start>1305864001</ns:start>
          </ns:timePeriod>
          <ns:value>474</ns:value>
        </ns:IntervalReading>
      </ns:IntervalBlock>
      <ns:IntervalBlock>
        <ns:interval>
          <ns:duration>2592000</ns:duration>
          <ns:start>1303358401</ns:start>
        </ns:interval>
        <ns:IntervalReading>
          <ns:cost>9937000</ns:cost>
          <ns:ReadingQuality>
            <ns:quality>0</ns:quality>
          </ns:ReadingQuality>
          <ns:timePeriod>
            <ns:duration>2592000</ns:duration>
            <ns:start>1303358401</ns:start>
          </ns:timePeriod>
          <ns:value>552</ns:value>
        </ns:IntervalReading>
      </ns:IntervalBlock>
      <ns:IntervalBlock>
        <ns:interval>
          <ns:duration>2764800</ns:duration>
          <ns:start>1300766401</ns:start>
        </ns:interval>
        <ns:IntervalReading>
          <ns:cost>11877000</ns:cost>
          <ns:ReadingQuality>
            <ns:quality>0</ns:quality>
          </ns:ReadingQuality>
          <ns:timePeriod>
            <ns:duration>2764800</ns:duration>
            <ns:start>1300766401</ns:start>
          </ns:timePeriod>
          <ns:value>664</ns:value>
        </ns:IntervalReading>
      </ns:IntervalBlock>
    </atom:content>
    <atom:id>urn:uuid:046638c0-8701-11e0-9d78-0800200c9a66</atom:id>
    <atom:link href="/User/9b6c7063/UsagePoint/01/MeterReading/01/IntervalBlock" rel="self"/>
    <atom:link href="/User/9b6c7063/UsagePoint/01" rel="up"/>
    <atom:published>2012-04-20T15:58:53</atom:published>
    <atom:updated>2012-04-20T15:58:53</atom:updated>
  </atom:entry>
  <atom:entry>
    <atom:content><ns:ReadingType>
  <ns:commodity>1</ns:commodity>
  <ns:currency>840</ns:currency>
</ns:ReadingType></atom:content>
    <atom:id>urn:uuid:046638c0-8701-11e0-9d78-0800200c9a66</atom:id>
    <atom:link href="/ReadingType/07" rel="self"/>
    <atom:link href="/User/9b6c7063/UsagePoint/01/MeterReading/01" rel="up"/>
    <atom:published>2012-04-20T15:58:54</atom:published>
    <atom:title>Energy Delivered (kWh)</atom:title>
    <atom:updated>2012-04-20T15:58:54</atom:updated>
  </atom:entry>
  <atom:entry>
    <atom:content><ns:ElectricPowerUsageSummary>
  <ns:billingPeriod>
    <ns:duration>13219200</ns:duration>
    <ns:start>1298001601</ns:start>
  </ns:billingPeriod>
  <ns:billToDate>66858000</ns:billToDate>
  <ns:currency>840</ns:currency>
  <ns:currentBillingPeriodOverAllConsumption>
    <ns:powerOfTenMultiplier>3</ns:powerOfTenMultiplier>
    <ns:timeStamp>1311220801</ns:timeStamp>
    <ns:uom>72</ns:uom>
    <ns:value>3775</ns:value>
  </ns:currentBillingPeriodOverAllConsumption>
  <ns:statusTimeStamp>1311220801</ns:statusTimeStamp>
</ns:ElectricPowerUsageSummary></atom:content>
    <atom:id>urn:uuid:046638c0-8701-11e0-9d78-0800200c9a66</atom:id>
    <atom:link href="/User/9b6c7063/ElectricPowerUsageSummary" rel="self"/>
    <atom:link href="/User/9b6c7063/UsagePoint/01" rel="up"/>
    <atom:published>2012-04-20T15:58:54</atom:published>
    <atom:title>Usage Summary</atom:title>
    <atom:updated>2012-04-20T15:58:54</atom:updated>
  </atom:entry></atom:feed>